{
  "IcoMoonType": "selection",
  "icons": [
    {
      "icon": {
        "paths": [
          "M665.143 73.143c8.571 0 17.143 1.714 25.143 5.143 25.143 9.714 41.143 33.143 41.143 58.857v736.571c0 25.714-16 49.143-41.143 58.857-8 3.429-16.571 4.571-25.143 4.571-17.714 0-34.286-6.286-47.429-18.286l-252-242.286-252 242.286c-13.143 12-29.714 18.857-47.429 18.857-8.571 0-17.143-1.714-25.143-5.143-25.143-9.714-41.143-33.143-41.143-58.857v-736.571c0-25.714 16-49.143 41.143-58.857 8-3.429 16.571-5.143 25.143-5.143h598.857z"
        ],
        "width": 731.4285714285713,
        "attrs": [],
        "isMulticolor": false,
        "isMulticolor2": false,
        "tags": [
          "bookmark"
        ],
        "defaultCode": 61486,
        "grid": 14
      },
      "attrs": [],
      "properties": {
        "name": "bookmark",
        "id": 47,
        "order": 20,
        "prevSize": 28,
        "code": 61486
      },
      "setIdx": 0,
      "setId": 2,
      "iconIdx": 47
    },
    {
      "icon": {
        "paths": [
          "M438.857 822.857v-621.714c-171.429 0-310.857 139.429-310.857 310.857s139.429 310.857 310.857 310.857zM877.714 512c0 242.286-196.571 438.857-438.857 438.857s-438.857-196.571-438.857-438.857 196.571-438.857 438.857-438.857 438.857 196.571 438.857 438.857z"
        ],
        "width": 877.7142857142857,
        "attrs": [],
        "isMulticolor": false,
        "isMulticolor2": false,
        "tags": [
          "adjust"
        ],
        "defaultCode": 61506,
        "grid": 14
      },
      "attrs": [],
      "properties": {
        "name": "adjust",
        "id": 66,
        "order": 21,
        "prevSize": 28,
        "code": 61506
      },
      "setIdx": 0,
      "setId": 2,
      "iconIdx": 66
    },
    {
      "icon": {
        "paths": [
          "M507.429 676.571l66.286-66.286-86.857-86.857-66.286 66.286v32h54.857v54.857h32zM758.857 265.143c-5.143-5.143-13.714-4.571-18.857 0.571l-200 200c-5.143 5.143-5.714 13.714-0.571 18.857s13.714 4.571 18.857-0.571l200-200c5.143-5.143 5.714-13.714 0.571-18.857zM804.571 604.571v108.571c0 90.857-73.714 164.571-164.571 164.571h-475.429c-90.857 0-164.571-73.714-164.571-164.571v-475.429c0-90.857 73.714-164.571 164.571-164.571h475.429c22.857 0 45.714 4.571 66.857 14.286 5.143 2.286 9.143 7.429 10.286 13.143 1.143 6.286-0.571 12-5.143 16.571l-28 28c-5.143 5.143-12 6.857-18.286 4.571-8.571-2.286-17.143-3.429-25.714-3.429h-475.429c-50.286 0-91.429 41.143-91.429 91.429v475.429c0 50.286 41.143 91.429 91.429 91.429h475.429c50.286 0 91.429-41.143 91.429-91.429v-72c0-4.571 1.714-9.143 5.143-12.571l36.571-36.571c5.714-5.714 13.143-6.857 20-4s11.429 9.143 11.429 16.571zM749.714 182.857l164.571 164.571-384 384h-164.571v-164.571zM1003.429 258.286l-52.571 52.571-164.571-164.571 52.571-52.571c21.143-21.143 56.571-21.143 77.714 0l86.857 86.857c21.143 21.143 21.143 56.571 0 77.714z"
        ],
        "width": 1024.5851428571427,
        "attrs": [],
        "isMulticolor": false,
        "isMulticolor2": false,
        "tags": [
          "edit",
          "pencil-square-o"
        ],
        "defaultCode": 61508,
        "grid": 14
      },
      "attrs": [],
      "properties": {
        "name": "edit, pencil-square-o",
        "id": 68,
        "order": 22,
        "prevSize": 28,
        "code": 61508
      },
      "setIdx": 0,
      "setId": 2,
      "iconIdx": 68
    },
    {
      "icon": {
        "paths": [
          "M274.286 493.714v-256c0-10.286-8-18.286-18.286-18.286s-18.286 8-18.286 18.286v256c0 10.286 8 18.286 18.286 18.286s18.286-8 18.286-18.286zM658.286 694.857c0 20-16.571 36.571-36.571 36.571h-245.143l-29.143 276c-1.143 9.143-8.571 16.571-17.714 16.571h-0.571c-9.143 0-16.571-6.286-18.286-15.429l-43.429-277.143h-230.857c-20 0-36.571-16.571-36.571-36.571 0-93.714 70.857-182.857 146.286-182.857v-292.571c-40 0-73.143-33.143-73.143-73.143s33.143-73.143 73.143-73.143h365.714c40 0 73.143 33.143 73.143 73.143s-33.143 73.143-73.143 73.143v292.571c75.429 0 146.286 89.143 146.286 182.857z"
        ],
        "width": 658.2857142857142,
        "attrs": [],
        "isMulticolor": false,
        "isMulticolor2": false,
        "tags": [
          "thumb-tack"
        ],
        "defaultCode": 61581,
        "grid": 14
      },
      "attrs": [],
      "properties": {
        "name": "thumb-tack",
        "id": 134,
        "order": 23,
        "prevSize": 28,
        "code": 61581
      },
      "setIdx": 0,
      "setId": 2,
      "iconIdx": 134
    },
    {
      "icon": {
        "paths": [
          "M877.714 768v73.143c0 20-16.571 36.571-36.571 36.571h-804.571c-20 0-36.571-16.571-36.571-36.571v-73.143c0-20 16.571-36.571 36.571-36.571h804.571c20 0 36.571 16.571 36.571 36.571zM877.714 475.429v73.143c0 20-16.571 36.571-36.571 36.571h-804.571c-20 0-36.571-16.571-36.571-36.571v-73.143c0-20 16.571-36.571 36.571-36.571h804.571c20 0 36.571 16.571 36.571 36.571zM877.714 182.857v73.143c0 20-16.571 36.571-36.571 36.571h-804.571c-20 0-36.571-16.571-36.571-36.571v-73.143c0-20 16.571-36.571 36.571-36.571h804.571c20 0 36.571 16.571 36.571 36.571z"
        ],
        "width": 877.7142857142857,
        "attrs": [],
        "isMulticolor": false,
        "isMulticolor2": false,
        "tags": [
          "bars",
          "navicon",
          "reorder"
        ],
        "defaultCode": 61641,
        "grid": 14
      },
      "attrs": [],
      "properties": {
        "name": "bars, navicon, reorder",
        "id": 178,
        "order": 9,
        "prevSize": 28,
        "code": 61641
      },
      "setIdx": 0,
      "setId": 2,
      "iconIdx": 178
    }
  ],
  "height": 1024,
  "metadata": {
    "name": "fontawesome"
  },
  "preferences": {
    "showGlyphs": true,
    "showQuickUse": true,
    "showQuickUse2": true,
    "showSVGs": true,
    "fontPref": {
      "prefix": "fa-",
      "metadata": {
        "fontFamily": "fontawesome",
        "majorVersion": 1,
        "minorVersion": 0
      },
      "metrics": {
        "emSize": 1024,
        "baseline": 6.25,
        "whitespace": 50
      },
      "embed": false,
      "showSelector": true,
      "selector": "i",
      "showMetrics": true,
      "showMetadata": true,
      "showVersion": true
    },
    "imagePref": {
      "prefix": "fa-",
      "png": true,
      "useClassSelector": true,
      "color": 0,
      "bgColor": 16777215,
      "classSelector": ".icon"
    },
    "historySize": 50,
    "showCodes": true,
    "gridSize": 16
  }
}